{"cameraMode":{"drawMode":0,"name":"Shaded","section":"Shading Mode"},"sceneLighting":true,"audioPlay":false,"sceneViewState":{"showFog":true,"showMaterialUpdate":false,"showSkybox":true,"showFlares":true,"showImageEffects":true,"showParticleSystems":true},"in2DMode":false,"pivot":{"x":-17.34556770324707,"y":-8.285507202148438,"z":9.506561279296875},"rotation":{"x":-0.1868686079978943,"y":0.49981099367141726,"z":-0.11140506714582443,"w":-0.8383710384368897},"size":17.36634063720703,"orthographic":false}